old_id	thing_uri	np_uri
https://w3id.org/peh/matrices/01KQ9QXVQNNJBQFZTAC8Y3ARD1	https://w3id.org/peh/matrices/RA-fRSJZhT-OdospP_TRivM-L_tO-YsfYRBb_1jdfR9kY	https://w3id.org/np/RA-fRSJZhT-OdospP_TRivM-L_tO-YsfYRBb_1jdfR9kY
https://w3id.org/peh/matrices/01KQ9QXVQP0CHMN0XEF3VTTVM2	https://w3id.org/peh/matrices/RAbfyb6RhJlNnL8qwlOdZ6gf4yR_JBiU9fvPMIQmSpXYg	https://w3id.org/np/RAbfyb6RhJlNnL8qwlOdZ6gf4yR_JBiU9fvPMIQmSpXYg
https://w3id.org/peh/matrices/01KQ9QXVQP3KQ5SFQ184YYQF5Z	https://w3id.org/peh/matrices/RAF_kCntxZPkMQVCT6LGtLDns2IzSyG2_i0uAmFoiofKY	https://w3id.org/np/RAF_kCntxZPkMQVCT6LGtLDns2IzSyG2_i0uAmFoiofKY
https://w3id.org/peh/matrices/01KQ9QXVQPZXMVYKVV7ZRAE8NQ	https://w3id.org/peh/matrices/RAP1BE2Z9awdYWsovCtO526Nbtknn8SRr9R3s4CJIuTdM	https://w3id.org/np/RAP1BE2Z9awdYWsovCtO526Nbtknn8SRr9R3s4CJIuTdM
https://w3id.org/peh/matrices/01KT1NMJDABJPSZKRJDF25VYK6	https://w3id.org/peh/matrices/RAoSsPdY12TYwXc9GZ_tRtO9HnI9R00M0MhqjIEl3S8c0	https://w3id.org/np/RAoSsPdY12TYwXc9GZ_tRtO9HnI9R00M0MhqjIEl3S8c0
https://w3id.org/peh/matrices/01KT1NMJDAK0MRPZ6GFYQ6899W	https://w3id.org/peh/matrices/RAy2XFY4tcAktluhxPOOHzjCw7PrKL2e1UW5DzGRl6Wwg	https://w3id.org/np/RAy2XFY4tcAktluhxPOOHzjCw7PrKL2e1UW5DzGRl6Wwg
https://w3id.org/peh/matrices/01KT1NMJDAR4NE9EY2BA69WCFV	https://w3id.org/peh/matrices/RAfJMLEKnVj-xx_PJhMZcKEYONp6CrV9WPEEqf99YbMb4	https://w3id.org/np/RAfJMLEKnVj-xx_PJhMZcKEYONp6CrV9WPEEqf99YbMb4
https://w3id.org/peh/matrices/01KT67YACZ74N1BK0TDMQQR8R7	https://w3id.org/peh/matrices/RArqXjsWKq1YgDeEYPhQq6qa7jL-PoIBtebLBq1CSTA8k	https://w3id.org/np/RArqXjsWKq1YgDeEYPhQq6qa7jL-PoIBtebLBq1CSTA8k
https://w3id.org/peh/matrices/01KT67YACZ9531Z161KCGE3DQR	https://w3id.org/peh/matrices/RAi949d7yjXol2LDmFJ4c9GGyzann2cM-gWOasXu90e5o	https://w3id.org/np/RAi949d7yjXol2LDmFJ4c9GGyzann2cM-gWOasXu90e5o
https://w3id.org/peh/matrices/01KT67YACZ9XQAYHV6S36FGBXA	https://w3id.org/peh/matrices/RAQP5G8v9lpCFpvfYLiPUDR3_H6geD1Q57_qUjeVm3jJI	https://w3id.org/np/RAQP5G8v9lpCFpvfYLiPUDR3_H6geD1Q57_qUjeVm3jJI
https://w3id.org/peh/matrices/01e40bb5c7	https://w3id.org/peh/matrices/RANKwPAhyjHXBUjMPY5ml4_Fyth63tGEaqqvXtTJGk9tA	https://w3id.org/np/RANKwPAhyjHXBUjMPY5ml4_Fyth63tGEaqqvXtTJGk9tA
https://w3id.org/peh/matrices/0842438558	https://w3id.org/peh/matrices/RA03lxAcq1Ae6e6Fx_jxwwG5MlZSiFV4Owa-iotENKMHg	https://w3id.org/np/RA03lxAcq1Ae6e6Fx_jxwwG5MlZSiFV4Owa-iotENKMHg
https://w3id.org/peh/matrices/0e9312087f	https://w3id.org/peh/matrices/RAeUUBaLCNLcWc98fyjyCFJx0d9GkTSQr77OCVOU0JUDo	https://w3id.org/np/RAeUUBaLCNLcWc98fyjyCFJx0d9GkTSQr77OCVOU0JUDo
https://w3id.org/peh/matrices/1c6b3cd2ac	https://w3id.org/peh/matrices/RA7wHzGxVRswpnU2GmWc30O4dP3pniz8OEAZOyQY8s_XQ	https://w3id.org/np/RA7wHzGxVRswpnU2GmWc30O4dP3pniz8OEAZOyQY8s_XQ
https://w3id.org/peh/matrices/2510c39011	https://w3id.org/peh/matrices/RAcx2M-8YgdACmQKkiV5BrWOBeXu5X6WlqqwBtYeXCm0Y	https://w3id.org/np/RAcx2M-8YgdACmQKkiV5BrWOBeXu5X6WlqqwBtYeXCm0Y
https://w3id.org/peh/matrices/3c45881163	https://w3id.org/peh/matrices/RA1NmPPzHrbQcDcCcUSD1c_Jx0gEqIkrym9w6jY0sGsqA	https://w3id.org/np/RA1NmPPzHrbQcDcCcUSD1c_Jx0gEqIkrym9w6jY0sGsqA
https://w3id.org/peh/matrices/3e88197d1d	https://w3id.org/peh/matrices/RAXhZNocfYd4m1Lb-4jGnmyI34p0PGPseHik8zp_jBaX0	https://w3id.org/np/RAXhZNocfYd4m1Lb-4jGnmyI34p0PGPseHik8zp_jBaX0
https://w3id.org/peh/matrices/44bff383cf	https://w3id.org/peh/matrices/RAYgaU7ZoAbEGZVA8Hlu-RzCvSYG3bLRMKISDfws9iCQc	https://w3id.org/np/RAYgaU7ZoAbEGZVA8Hlu-RzCvSYG3bLRMKISDfws9iCQc
https://w3id.org/peh/matrices/5cfdb867e9	https://w3id.org/peh/matrices/RAtIG1M0swHdH-qOQP8lFQizXNoUlEjqQohPbLE0XUFyU	https://w3id.org/np/RAtIG1M0swHdH-qOQP8lFQizXNoUlEjqQohPbLE0XUFyU
https://w3id.org/peh/matrices/60443f67c6	https://w3id.org/peh/matrices/RAB2CWC53iDWwONWmhVGz1XOZvM-q8PAgzfvDzLHnCark	https://w3id.org/np/RAB2CWC53iDWwONWmhVGz1XOZvM-q8PAgzfvDzLHnCark
https://w3id.org/peh/matrices/627fcdb6cc	https://w3id.org/peh/matrices/RAjlhRhtV2dqaISU6KfjQg0OJjq08O5AKhaghsfKVg5JU	https://w3id.org/np/RAjlhRhtV2dqaISU6KfjQg0OJjq08O5AKhaghsfKVg5JU
https://w3id.org/peh/matrices/6685e16510	https://w3id.org/peh/matrices/RADF1SisIvum3157bYON5GLZW66DbuiM7xjkP8dGFzn3E	https://w3id.org/np/RADF1SisIvum3157bYON5GLZW66DbuiM7xjkP8dGFzn3E
https://w3id.org/peh/matrices/6a49f67ed8	https://w3id.org/peh/matrices/RAp60af5p7t4ugEnaQJEMJ0AVGyBf4qbkxSnnqHsfydxw	https://w3id.org/np/RAp60af5p7t4ugEnaQJEMJ0AVGyBf4qbkxSnnqHsfydxw
https://w3id.org/peh/matrices/6b157916b4	https://w3id.org/peh/matrices/RACjmW-FuXnJiFjOh6ZxNjXmvBNU7sjOn9oM20wPobePo	https://w3id.org/np/RACjmW-FuXnJiFjOh6ZxNjXmvBNU7sjOn9oM20wPobePo
https://w3id.org/peh/matrices/7638e20f13	https://w3id.org/peh/matrices/RATFkSEeQ6WHCPtKpCas8r9fSjkwpnhX_tkCQV4eAD8gA	https://w3id.org/np/RATFkSEeQ6WHCPtKpCas8r9fSjkwpnhX_tkCQV4eAD8gA
https://w3id.org/peh/matrices/7b8b965ad4	https://w3id.org/peh/matrices/RAS7Iz3jzij1Ihp05DYfpOutaaJoFn6whfCx5DLQnrR6E	https://w3id.org/np/RAS7Iz3jzij1Ihp05DYfpOutaaJoFn6whfCx5DLQnrR6E
https://w3id.org/peh/matrices/7c9df80123	https://w3id.org/peh/matrices/RA7Ufj-KOWs5HOiywyzoq9Pgt2g56q5PzJTQe09GLKZpg	https://w3id.org/np/RA7Ufj-KOWs5HOiywyzoq9Pgt2g56q5PzJTQe09GLKZpg
https://w3id.org/peh/matrices/85afaab5f3	https://w3id.org/peh/matrices/RAMuEORzqjK8LD9QFU18XWK81EWuBWgi6BIwKj8hDW0QM	https://w3id.org/np/RAMuEORzqjK8LD9QFU18XWK81EWuBWgi6BIwKj8hDW0QM
https://w3id.org/peh/matrices/87cd3c0eee	https://w3id.org/peh/matrices/RA5jqya6S2tHQbTIjRERUB8ifkBRRQvMEnKF-8lXC98Kw	https://w3id.org/np/RA5jqya6S2tHQbTIjRERUB8ifkBRRQvMEnKF-8lXC98Kw
https://w3id.org/peh/matrices/8e113caded	https://w3id.org/peh/matrices/RAE6tWjTfeqoiLGdHwt_82UkmaGY88KKVKj7mic1zfA_0	https://w3id.org/np/RAE6tWjTfeqoiLGdHwt_82UkmaGY88KKVKj7mic1zfA_0
https://w3id.org/peh/matrices/93122a9e4a	https://w3id.org/peh/matrices/RAlsQ-lf0BlYMQEv6nKOf_4AO-RzZizlAw8f-Nfo28WQM	https://w3id.org/np/RAlsQ-lf0BlYMQEv6nKOf_4AO-RzZizlAw8f-Nfo28WQM
https://w3id.org/peh/matrices/9460370bb0	https://w3id.org/peh/matrices/RAYnAn73ckYTntumb6ebToNrKsVSnUh51eZfdC2D3k1kc	https://w3id.org/np/RAYnAn73ckYTntumb6ebToNrKsVSnUh51eZfdC2D3k1kc
https://w3id.org/peh/matrices/99be496ab9	https://w3id.org/peh/matrices/RA6yVQB3aTu-KBUoHcGsfGBDAo5ik_TOTriUDgNJUrIjI	https://w3id.org/np/RA6yVQB3aTu-KBUoHcGsfGBDAo5ik_TOTriUDgNJUrIjI
https://w3id.org/peh/matrices/a-horizon	https://w3id.org/peh/matrices/RA13HftvdIUUqM7Lw-U2M8Wp0sbhnKbhMo-0wezBNo3Eo	https://w3id.org/np/RA13HftvdIUUqM7Lw-U2M8Wp0sbhnKbhMo-0wezBNo3Eo
https://w3id.org/peh/matrices/a8b88464e5	https://w3id.org/peh/matrices/RA3OgMUI14j1a1n9WOqYoJp5DKOXiOr0u8egOnvgEA40E	https://w3id.org/np/RA3OgMUI14j1a1n9WOqYoJp5DKOXiOr0u8egOnvgEA40E
https://w3id.org/peh/matrices/air-gas-phase	https://w3id.org/peh/matrices/RA-1ife8o8pseb2Yfx5MeIFSvnpaNL-90yQlMtecjJhzk	https://w3id.org/np/RA-1ife8o8pseb2Yfx5MeIFSvnpaNL-90yQlMtecjJhzk
https://w3id.org/peh/matrices/air-particulate-phase	https://w3id.org/peh/matrices/RA2aXLICa6EJdbaFMQ4RpEEki-fjmFTxpenqhUspZsIdA	https://w3id.org/np/RA2aXLICa6EJdbaFMQ4RpEEki-fjmFTxpenqhUspZsIdA
https://w3id.org/peh/matrices/air-total	https://w3id.org/peh/matrices/RAlzI_uLgpJRy67R7TqO7XnZdMJRI-ph0cWBU93HGvGXM	https://w3id.org/np/RAlzI_uLgpJRy67R7TqO7XnZdMJRI-ph0cWBU93HGvGXM
https://w3id.org/peh/matrices/animal-blood	https://w3id.org/peh/matrices/RAMsiZs7wwSB0oiExbwpflLrAl0toRWTa-FozYwICNMI4	https://w3id.org/np/RAMsiZs7wwSB0oiExbwpflLrAl0toRWTa-FozYwICNMI4
https://w3id.org/peh/matrices/animal-hair	https://w3id.org/peh/matrices/RAQz8tkSg9W_qZzgvTibP01UH680xfd414EG17PY1O6KA	https://w3id.org/np/RAQz8tkSg9W_qZzgvTibP01UH680xfd414EG17PY1O6KA
https://w3id.org/peh/matrices/animal-tissue	https://w3id.org/peh/matrices/RAC1dtx3t1m9kMn-N4Fe0WrPZxzHoebeTTFW23rNQC8b0	https://w3id.org/np/RAC1dtx3t1m9kMn-N4Fe0WrPZxzHoebeTTFW23rNQC8b0
https://w3id.org/peh/matrices/aquatic-matrix	https://w3id.org/peh/matrices/RA1pfcwPnFNCcg9yYs4RClmzylUCyurYhMT4BYwomb11g	https://w3id.org/np/RA1pfcwPnFNCcg9yYs4RClmzylUCyurYhMT4BYwomb11g
https://w3id.org/peh/matrices/atmospheric-deposition	https://w3id.org/peh/matrices/RASWRwsvJSZ0umkEzg8hd5LElsOfKo3hmHOewiO3_tBeI	https://w3id.org/np/RASWRwsvJSZ0umkEzg8hd5LElsOfKo3hmHOewiO3_tBeI
https://w3id.org/peh/matrices/atmospheric-matrix	https://w3id.org/peh/matrices/RAiWn0Rc6aqeB18L5SLVtJwTmz_D9ToELO1Fzc1gxxrO8	https://w3id.org/np/RAiWn0Rc6aqeB18L5SLVtJwTmz_D9ToELO1Fzc1gxxrO8
https://w3id.org/peh/matrices/b-horizon	https://w3id.org/peh/matrices/RABtYw7tYBZN4wjSpiVKEJWR6i3SvXkosBh9OuXsJp900	https://w3id.org/np/RABtYw7tYBZN4wjSpiVKEJWR6i3SvXkosBh9OuXsJp900
https://w3id.org/peh/matrices/b9aa273080	https://w3id.org/peh/matrices/RAT2c_BBoT0XnI9uZYnWvNAVHDQZ0zuOWaLqKnDXXZc40	https://w3id.org/np/RAT2c_BBoT0XnI9uZYnWvNAVHDQZ0zuOWaLqKnDXXZc40
https://w3id.org/peh/matrices/bark	https://w3id.org/peh/matrices/RApEPTC4SgZrdvB0BL5tUaRw6ejoCCKsZ8AYspid2bjdE	https://w3id.org/np/RApEPTC4SgZrdvB0BL5tUaRw6ejoCCKsZ8AYspid2bjdE
https://w3id.org/peh/matrices/bd9a2916f0	https://w3id.org/peh/matrices/RAMJMXeG91lFf_X6_uwrCFIS_HRQDJ1Pj_zmjmumlRw3Y	https://w3id.org/np/RAMJMXeG91lFf_X6_uwrCFIS_HRQDJ1Pj_zmjmumlRw3Y
https://w3id.org/peh/matrices/beans	https://w3id.org/peh/matrices/RAIgAAK2Iik9ENkvPh1XbB56m03oboR6f7LMvbztrRbn4	https://w3id.org/np/RAIgAAK2Iik9ENkvPh1XbB56m03oboR6f7LMvbztrRbn4
https://w3id.org/peh/matrices/bone	https://w3id.org/peh/matrices/RAsw6rPmqomqqPHEWz9eCx7dpyZa5ceXlX-6XLKQ-MsnM	https://w3id.org/np/RAsw6rPmqomqqPHEWz9eCx7dpyZa5ceXlX-6XLKQ-MsnM
https://w3id.org/peh/matrices/breath	https://w3id.org/peh/matrices/RADSOMvAux8GtQxYEc-HOHB2hjqS_Feo6EptO4uNY4xlI	https://w3id.org/np/RADSOMvAux8GtQxYEc-HOHB2hjqS_Feo6EptO4uNY4xlI
https://w3id.org/peh/matrices/c-horizon	https://w3id.org/peh/matrices/RAnD62F36hpfHEthhCsFGks6TKt7l4W5uZFoVJEc87vHE	https://w3id.org/np/RAnD62F36hpfHEthhCsFGks6TKt7l4W5uZFoVJEc87vHE
https://w3id.org/peh/matrices/c12e01f2a1	https://w3id.org/peh/matrices/RAyed7aRrZnJnjE795nmrj8hAdQCp6lkxB1NtmirWXwL4	https://w3id.org/np/RAyed7aRrZnJnjE795nmrj8hAdQCp6lkxB1NtmirWXwL4
https://w3id.org/peh/matrices/c46335eb26	https://w3id.org/peh/matrices/RA8NOdZTYkul2xyhl3fdxnC8YsNvgjlcLjjpfC2C2-KyM	https://w3id.org/np/RA8NOdZTYkul2xyhl3fdxnC8YsNvgjlcLjjpfC2C2-KyM
https://w3id.org/peh/matrices/cf6c9df68d	https://w3id.org/peh/matrices/RAK5VM0elb32Xjk2uCL2Uh44x4QM8BKu0kubzlqBnA3-Y	https://w3id.org/np/RAK5VM0elb32Xjk2uCL2Uh44x4QM8BKu0kubzlqBnA3-Y
https://w3id.org/peh/matrices/compost	https://w3id.org/peh/matrices/RA7bjQMmIG3Rpu8uSDlVHEb9mU0nuc-TQbH5GjRP0SrNc	https://w3id.org/np/RA7bjQMmIG3Rpu8uSDlVHEb9mU0nuc-TQbH5GjRP0SrNc
https://w3id.org/peh/matrices/d4f5c2c948	https://w3id.org/peh/matrices/RAneysxQGkFzZw57_WcXTaEy11EnbmmQdCO7HviFbrpiM	https://w3id.org/np/RAneysxQGkFzZw57_WcXTaEy11EnbmmQdCO7HviFbrpiM
https://w3id.org/peh/matrices/deposition-total	https://w3id.org/peh/matrices/RAaP6htDAyWuP9gjZuA3Vbwe78AjeMEFlvTqmXRCsvcNg	https://w3id.org/np/RAaP6htDAyWuP9gjZuA3Vbwe78AjeMEFlvTqmXRCsvcNg
https://w3id.org/peh/matrices/deposition-wet	https://w3id.org/peh/matrices/RAZafB952xHok6_XpY4CX-pDHw1wYhJxp8Xy2KJcSUwq4	https://w3id.org/np/RAZafB952xHok6_XpY4CX-pDHw1wYhJxp8Xy2KJcSUwq4
https://w3id.org/peh/matrices/dust	https://w3id.org/peh/matrices/RAnJmNgUQWYsrxglBQoG2L8OP-h7_uYHP9lnygQYZ0PNg	https://w3id.org/np/RAnJmNgUQWYsrxglBQoG2L8OP-h7_uYHP9lnygQYZ0PNg
https://w3id.org/peh/matrices/e-horizon	https://w3id.org/peh/matrices/RALNbBmx3-i6eZHfDNYNSp3nyH5jOnHGvclj-G3rGTdPU	https://w3id.org/np/RALNbBmx3-i6eZHfDNYNSp3nyH5jOnHGvclj-G3rGTdPU
https://w3id.org/peh/matrices/f0357a3f15	https://w3id.org/peh/matrices/RAMclxfdOCs4lQt-CF5HgrXLV7VTBst1gG5FkBXTlv0qs	https://w3id.org/np/RAMclxfdOCs4lQt-CF5HgrXLV7VTBst1gG5FkBXTlv0qs
https://w3id.org/peh/matrices/f9b8d97e48	https://w3id.org/peh/matrices/RAKDUpflxTKHJUZlsFCh-Ab54sP--MYRlc-cb9XI0R4G8	https://w3id.org/np/RAKDUpflxTKHJUZlsFCh-Ab54sP--MYRlc-cb9XI0R4G8
https://w3id.org/peh/matrices/fat	https://w3id.org/peh/matrices/RAtN4LvQXe2x5WKb8gX4ypEpAbhiMzlTn3H8_Q0CxuUTE	https://w3id.org/np/RAtN4LvQXe2x5WKb8gX4ypEpAbhiMzlTn3H8_Q0CxuUTE
https://w3id.org/peh/matrices/fingernails	https://w3id.org/peh/matrices/RAVMzASCvcLHqsMjZjnQnDNm52ugtdXdfw3jqZx4thiUE	https://w3id.org/np/RAVMzASCvcLHqsMjZjnQnDNm52ugtdXdfw3jqZx4thiUE
https://w3id.org/peh/matrices/floor-dust	https://w3id.org/peh/matrices/RAMyy6UtNqbuypRxvZ9XwsKJyQSC4xzmheDtc6lAnI-WY	https://w3id.org/np/RAMyy6UtNqbuypRxvZ9XwsKJyQSC4xzmheDtc6lAnI-WY
https://w3id.org/peh/matrices/fruit	https://w3id.org/peh/matrices/RA_i_ENb0rLmkeE-x8PBuKyi-Vk_WeOy2DpCE3ys8lXwY	https://w3id.org/np/RA_i_ENb0rLmkeE-x8PBuKyi-Vk_WeOy2DpCE3ys8lXwY
https://w3id.org/peh/matrices/h-horizon	https://w3id.org/peh/matrices/RAothmgyQfEz2jpuk-RY3bYWvmYvNXLRuTKf2G1dw3Bfo	https://w3id.org/np/RAothmgyQfEz2jpuk-RY3bYWvmYvNXLRuTKf2G1dw3Bfo
https://w3id.org/peh/matrices/inhalable-fraction	https://w3id.org/peh/matrices/RAti6M21zGXJ5ARmtSz04oxAHUUaGySr2R7kqCtH43azQ	https://w3id.org/np/RAti6M21zGXJ5ARmtSz04oxAHUUaGySr2R7kqCtH43azQ
https://w3id.org/peh/matrices/kidney	https://w3id.org/peh/matrices/RAoyA6LZou1ggzbBL_yqUOts6tRR3Fm5mW10l45lpxPgc	https://w3id.org/np/RAoyA6LZou1ggzbBL_yqUOts6tRR3Fm5mW10l45lpxPgc
https://w3id.org/peh/matrices/leaves	https://w3id.org/peh/matrices/RAAv6QqmojemCXqRLLnAQLUNiBI3Hvm_fQD0pbCNO5L7Q	https://w3id.org/np/RAAv6QqmojemCXqRLLnAQLUNiBI3Hvm_fQD0pbCNO5L7Q
https://w3id.org/peh/matrices/liver	https://w3id.org/peh/matrices/RAciCuWbXQnZmyNfSRy-41DNe9SLMaNZpHYjJ-4JvPEto	https://w3id.org/np/RAciCuWbXQnZmyNfSRy-41DNe9SLMaNZpHYjJ-4JvPEto
https://w3id.org/peh/matrices/meconium	https://w3id.org/peh/matrices/RAi-C-_2o5gcIhvlg6AfVsfTA0zDvs53BYcwZKxLu-9NU	https://w3id.org/np/RAi-C-_2o5gcIhvlg6AfVsfTA0zDvs53BYcwZKxLu-9NU
https://w3id.org/peh/matrices/muscle	https://w3id.org/peh/matrices/RAjFtX_2fxsX9Sc_pT73cuTcb6NdfhApTmFUD_eK2c97I	https://w3id.org/np/RAjFtX_2fxsX9Sc_pT73cuTcb6NdfhApTmFUD_eK2c97I
https://w3id.org/peh/matrices/needles	https://w3id.org/peh/matrices/RA8B1Y1qZZEziI-EyNq7LTbpXk1jpD7KGAOWzwS6w0v2E	https://w3id.org/np/RA8B1Y1qZZEziI-EyNq7LTbpXk1jpD7KGAOWzwS6w0v2E
https://w3id.org/peh/matrices/nuts	https://w3id.org/peh/matrices/RAQtYv5YRozuXuz-DFDVh7ze_OJUQQf1LjPJPH89vl1es	https://w3id.org/np/RAQtYv5YRozuXuz-DFDVh7ze_OJUQQf1LjPJPH89vl1es
https://w3id.org/peh/matrices/o-horizon	https://w3id.org/peh/matrices/RAJrcdBbJmAwgFCvE7H6LHtzZMvi-wJUk5czUGHKEtlEQ	https://w3id.org/np/RAJrcdBbJmAwgFCvE7H6LHtzZMvi-wJUk5czUGHKEtlEQ
https://w3id.org/peh/matrices/passive-sampler-fraction	https://w3id.org/peh/matrices/RAmmKfCuHlLIk-MhylA2Zj4OqF9dAwXqg2QLz4_kc2uPY	https://w3id.org/np/RAmmKfCuHlLIk-MhylA2Zj4OqF9dAwXqg2QLz4_kc2uPY
https://w3id.org/peh/matrices/passive-water-sampler-fraction	https://w3id.org/peh/matrices/RAeDs0Bmrmu4gwCPkpMmathvT6Yw2R_FRFLcBqyb4dhNo	https://w3id.org/np/RAeDs0Bmrmu4gwCPkpMmathvT6Yw2R_FRFLcBqyb4dhNo
https://w3id.org/peh/matrices/plant-tissue	https://w3id.org/peh/matrices/RA_TYQHRFgdIlwCiFJl5iEjmdrrNH3uxL69mQTyqA9WQU	https://w3id.org/np/RA_TYQHRFgdIlwCiFJl5iEjmdrrNH3uxL69mQTyqA9WQU
https://w3id.org/peh/matrices/pm10	https://w3id.org/peh/matrices/RA3xOAf2s6RD7Qt_kXdfKwXFOUIuBh-jFNcBxYQ7xz_30	https://w3id.org/np/RA3xOAf2s6RD7Qt_kXdfKwXFOUIuBh-jFNcBxYQ7xz_30
https://w3id.org/peh/matrices/pm2-5	https://w3id.org/peh/matrices/RAgNmPPDMOpewQg-7aooCubcxMd3gOxPx2rDkzA3AFfPk	https://w3id.org/np/RAgNmPPDMOpewQg-7aooCubcxMd3gOxPx2rDkzA3AFfPk
https://w3id.org/peh/matrices/r-horizon	https://w3id.org/peh/matrices/RA2CfX2HnCfXAPWk55wOTwmjviUX-vtSnNVoM7xP1BKlY	https://w3id.org/np/RA2CfX2HnCfXAPWk55wOTwmjviUX-vtSnNVoM7xP1BKlY
https://w3id.org/peh/matrices/radish	https://w3id.org/peh/matrices/RAIbsgwYEK31Cfhg2xBxLmRxe-vW9lBqzh4jK4MWvZ5pg	https://w3id.org/np/RAIbsgwYEK31Cfhg2xBxLmRxe-vW9lBqzh4jK4MWvZ5pg
https://w3id.org/peh/matrices/respirable-fraction	https://w3id.org/peh/matrices/RAYs1o2pSjbS5pZpxujn4Zlp38XukJRxhvhLf8S1nkrC4	https://w3id.org/np/RAYs1o2pSjbS5pZpxujn4Zlp38XukJRxhvhLf8S1nkrC4
https://w3id.org/peh/matrices/root	https://w3id.org/peh/matrices/RAB2oB89IoXKTIZII5ctrfnEsk8jui2tv-tinwYSJbc1o	https://w3id.org/np/RAB2oB89IoXKTIZII5ctrfnEsk8jui2tv-tinwYSJbc1o
https://w3id.org/peh/matrices/s-horizon	https://w3id.org/peh/matrices/RAyBzOQBdGxY2wkzsSqDlHyMrSOA87vzQQy8VSb0XF03M	https://w3id.org/np/RAyBzOQBdGxY2wkzsSqDlHyMrSOA87vzQQy8VSb0XF03M
https://w3id.org/peh/matrices/sediment	https://w3id.org/peh/matrices/RAgGBv-AqMjYnH4uvvlW_e1J-EH_aPZoOEQtRkHQI6xG4	https://w3id.org/np/RAgGBv-AqMjYnH4uvvlW_e1J-EH_aPZoOEQtRkHQI6xG4
https://w3id.org/peh/matrices/sediment-total	https://w3id.org/peh/matrices/RApoQUCi5LpbAvxbmBOOiQEuCNZlnXcOWReVGpvGgonrk	https://w3id.org/np/RApoQUCi5LpbAvxbmBOOiQEuCNZlnXcOWReVGpvGgonrk
https://w3id.org/peh/matrices/seed	https://w3id.org/peh/matrices/RAeA4Ww8dzMzrgtMvY3WxtuqV6dVT-fbbq_nn_8RbyBXo	https://w3id.org/np/RAeA4Ww8dzMzrgtMvY3WxtuqV6dVT-fbbq_nn_8RbyBXo
https://w3id.org/peh/matrices/soil-profile	https://w3id.org/peh/matrices/RA3W5WDRsMF-Q-fp2aclhnZ-6EG8EOZ8h57Xu9mUA6isw	https://w3id.org/np/RA3W5WDRsMF-Q-fp2aclhnZ-6EG8EOZ8h57Xu9mUA6isw
https://w3id.org/peh/matrices/spinach	https://w3id.org/peh/matrices/RAVOBJckXcVFKA7TEZIWz6A-Hp5fTYOJ1Eim3oHRn75NE	https://w3id.org/np/RAVOBJckXcVFKA7TEZIWz6A-Hp5fTYOJ1Eim3oHRn75NE
https://w3id.org/peh/matrices/sputum	https://w3id.org/peh/matrices/RA3eOqMz50NSxy4tARfcblPru3Hb2z4t3uPZCNodIXgas	https://w3id.org/np/RA3eOqMz50NSxy4tARfcblPru3Hb2z4t3uPZCNodIXgas
https://w3id.org/peh/matrices/surface-dust	https://w3id.org/peh/matrices/RALKUDuY7YhK-y-FqYAnlXGUk53ZrdGjzbWatrrKBSJyU	https://w3id.org/np/RALKUDuY7YhK-y-FqYAnlXGUk53ZrdGjzbWatrrKBSJyU
https://w3id.org/peh/matrices/terrestrial-matrix	https://w3id.org/peh/matrices/RAp198yXIguLXKOuFcERg-ekxi1P0PthEBX8KS8rXSLUk	https://w3id.org/np/RAp198yXIguLXKOuFcERg-ekxi1P0PthEBX8KS8rXSLUk
https://w3id.org/peh/matrices/total-suspended-particles	https://w3id.org/peh/matrices/RAxy7q3YcliQzC4TBevMXFkM1A0kqGI5bQH0OuhBuP6rQ	https://w3id.org/np/RAxy7q3YcliQzC4TBevMXFkM1A0kqGI5bQH0OuhBuP6rQ
https://w3id.org/peh/matrices/water-total	https://w3id.org/peh/matrices/RA5NDXoP-H4FfzoHu2oUTdW2XGMY2E9sBkEqnhLbfYusM	https://w3id.org/np/RA5NDXoP-H4FfzoHu2oUTdW2XGMY2E9sBkEqnhLbfYusM
https://w3id.org/peh/matrices/white-blood-cells	https://w3id.org/peh/matrices/RApD-tWwixrG91xhqStMC7b90IU5B7_JeNcYvX7JlBRfs	https://w3id.org/np/RApD-tWwixrG91xhqStMC7b90IU5B7_JeNcYvX7JlBRfs
https://w3id.org/peh/matrices/whole-plant	https://w3id.org/peh/matrices/RAbk6a3CTM-SqDwj7gSMtGk-5q7GkQiVxFA8IuBAcHvv4	https://w3id.org/np/RAbk6a3CTM-SqDwj7gSMtGk-5q7GkQiVxFA8IuBAcHvv4
https://w3id.org/peh/matrices/wood	https://w3id.org/peh/matrices/RAvK91PNzIfu6mYNiA6wRXL4LhjPLAiwN7SZnk-KoxiPo	https://w3id.org/np/RAvK91PNzIfu6mYNiA6wRXL4LhjPLAiwN7SZnk-KoxiPo
https://w3id.org/peh/matrices/zucchini	https://w3id.org/peh/matrices/RARrMaCYS1_RnPZUKKSCUwGiW1b6xjIb0l9Wbb-apx4cs	https://w3id.org/np/RARrMaCYS1_RnPZUKKSCUwGiW1b6xjIb0l9Wbb-apx4cs
